"","Resilience","r","r.low","r.high","k","k.low","k.high","msy","msy.low","msy.high","fmsy","fmsy.low","fmsy.high","bmsy","bmsy.low","bmsy.high","NA"
"1","Very low",0.0620385073773583,0.039696192606757,0.0969558072165191,499693.72181673,232170.277827569,1075477.09362049,7750.06316183669,4138.99652650568,14511.6041117257,0.0310192536886791,0.0198480963033785,0.0484779036082595,249846.860908365,116085.138913785,537738.546810245,"CMSY"
"2","Low",0.237520819095458,0.145966957701558,0.386499385834464,143257.010857778,77666.8069504716,264238.636371298,8506.63064002657,6653.77776482852,10875.4405998265,0.118760409547729,0.072983478850779,0.193249692917232,71628.5054288889,38833.4034752358,132119.318185649,"CMSY"
"3","Medium",0.407587355479574,0.272838563827392,0.608885525625078,92718.8755100347,70111.9896890285,122615.117813303,9447.76031804372,8589.28357765854,10392.039594475,0.203793677739787,0.136419281913696,0.304442762812539,46359.4377550173,35055.9948445143,61307.5589066515,"CMSY"
"4","High",0.822834658056018,0.773948457489971,0.874808739452702,54481.7542794658,49227.1715085035,60297.2191659509,11207.3689132091,11040.1437000567,11377.127089036,0.411417329028009,0.386974228744985,0.437404369726351,27240.8771397329,24613.5857542517,30148.6095829755,"CMSY"
